id,n_atoms,dimer_tvars,monA_tvars,monB_tvars,Level of Theory,ERROR ESTIMATES (kcal/mol),ESTIMATED CPU TIMES (log10(s)),walltime_seconds,qcfractal id,job status,mb_interaction_energy,mb_wall_time,psi4 output
C3A,87,[    206    3267 1130431    7714],[    35    540 216610   1270],[   171   2727 954670   6444],wB97X-D/aug-cc-pVTZ/CP,-0.2609981298446655,4.110225214225134,12889.177788460996,[94],,,,
2a,92,[    193    3257 1191810    7596],[   141   2481 967396   5748],[    52    776 285682   1848],wB97X-D/aug-cc-pVTZ/CP,-3.045236587524414,4.040402763453913,10974.955385371846,[95],,,,
C3A,87,[    206    3267 1130431    7714],[    35    540 216610   1270],[   171   2727 954670   6444],wB97X-V/aug-cc-pVTZ/CP,-0.9794572591781616,4.252238558017967,17874.691622882277,[96],,,,
2a,92,[    193    3257 1191810    7596],[   141   2481 967396   5748],[    52    776 285682   1848],wB97X-V/aug-cc-pVTZ/CP,0.18686047196388245,4.19727676212119,15749.86233578604,[97],,,,
CBH,112,[    146    3258 1533416    7240],[    73   1629 794963   3620],[    73   1629 794968   3620],wB97X-V/aug-cc-pVTZ/CP,1.1472030878067017,4.113136676878445,12975.875707023088,[98],,,,
Da2,88,[    164    2964 1163670    6832],[    82   1482 609882   3416],[    82   1482 609860   3416],wB97X-V/aug-cc-pVTZ/CP,-0.6145675778388977,3.9908288417675,9791.040381990344,[99],,,,
S8-2,84,[    188    3009 1095497    7054],[   141   2389 915353   5564],[    47    620 230587   1490],wB97X-V/aug-cc-pVTZ/CP,-1.5833591222763062,4.107189026067372,12799.382742867612,[100],,,,
C3A,87,[    206    3267 1130431    7714],[    35    540 216610   1270],[   171   2727 954670   6444],MP2/aug-cc-pVTZ/CP,-1.8464860916137695,3.9769492809861418,9483.077088647822,[101],,,,
C3A,87,[    206    3267 1130431    7714],[    35    540 216610   1270],[   171   2727 954670   6444],B2PLYP-D3/aug-cc-pVTZ/CP,-1.598939299583435,4.005538510136295,10128.345557753544,[102],,,,
