id,n_atoms,dimer_tvars,monA_tvars,monB_tvars,Level of Theory,ERROR ESTIMATES (kcal/mol),ESTIMATED CPU TIMES (log10(s)),walltime_seconds,qcfractal id,job status,mb_interaction_energy,mb_wall_time,psi4 output,submitted_unix_time
C3A,87,[    206    3267 1130431    7714],[    35    540 216610   1270],[   171   2727 954670   6444],HF/aug-cc-pVTZ/CP,-26.081750869750977,3.624967484005549,4216.649318373241,[149],complete,0.014808319303938333,,,1781290684.678278
C2C2PD,72,[   156   2604 939386   6096],[    78   1302 494790   3048],[    78   1302 494790   3048],HF/aug-cc-pVTZ/CP,-26.298044204711914,3.1087001917714163,1284.399689104898,[150],complete,0.02546765303441134,,,1781290684.678278
2a,92,[    193    3257 1191810    7596],[   141   2481 967396   5748],[    52    776 285682   1848],HF/aug-cc-pVTZ/CP,-69.15465545654297,3.5416056143655785,3480.2113124806024,[151],complete,0.01650794970964853,,,1781290684.678278
CBH,112,[    146    3258 1533416    7240],[    73   1629 794963   3620],[    73   1629 794968   3620],HF/aug-cc-pVTZ/CP,-97.08833312988281,3.344801190509736,2212.0818403250964,[152],complete,0.011602391997257655,,,1781290684.678278
Da2,88,[    164    2964 1163670    6832],[    82   1482 609882   3416],[    82   1482 609860   3416],HF/aug-cc-pVTZ/CP,-46.75223159790039,3.2843156008495646,1924.4897433664553,[153],complete,0.025642550060865688,,,1781290684.678278
S8-2,84,[    188    3009 1095497    7054],[   141   2389 915353   5564],[    47    620 230587   1490],HF/aug-cc-pVTZ/CP,-48.0178108215332,3.44907166186735,2812.3648535413736,[154],complete,0.011374698991858168,,,1781290684.678278
C3A,87,[    206    3267 1130431    7714],[    35    540 216610   1270],[   171   2727 954670   6444],PBE-D3/aug-cc-pVTZ/CP,11.564992904663086,3.5802298729499573,3803.9068460545163,[155],complete,-0.022037066457414767,,,1781290684.678278
C2C2PD,72,[   156   2604 939386   6096],[    78   1302 494790   3048],[    78   1302 494790   3048],PBE-D3/aug-cc-pVTZ/CP,20.25238800048828,3.2049589405666805,1603.0938224840077,[156],complete,-0.026384230511894202,,,1781290684.678278
2a,92,[    193    3257 1191810    7596],[   141   2481 967396   5748],[    52    776 285682   1848],PBE-D3/aug-cc-pVTZ/CP,24.18235969543457,3.5346703462696274,3425.077054024103,[157],complete,-0.04995357718598825,,,1781290684.678278
CBH,112,[    146    3258 1533416    7240],[    73   1629 794963   3620],[    73   1629 794968   3620],PBE-D3/aug-cc-pVTZ/CP,69.33512878417969,3.4588199637339105,2876.2058398183312,[158],complete,-0.023350853495230695,,,1781290684.678278
Da2,88,[    164    2964 1163670    6832],[    82   1482 609882   3416],[    82   1482 609860   3416],PBE-D3/aug-cc-pVTZ/CP,21.087217330932617,3.356490665589799,2272.430792768776,[159],complete,-0.027714089350411086,,,1781290684.678278
S8-2,84,[    188    3009 1095497    7054],[   141   2389 915353   5564],[    47    620 230587   1490],PBE-D3/aug-cc-pVTZ/CP,27.93562889099121,3.4563928788383063,2860.176795019881,[160],error,,,,1781290684.678278
C3A,87,[    206    3267 1130431    7714],[    35    540 216610   1270],[   171   2727 954670   6444],wB97X-D/aug-cc-pVTZ/CP,-0.2609981298446655,4.110225214225134,12889.177788460996,[161],complete,-0.028655730282025615,,,1781290684.678278
C2C2PD,72,[   156   2604 939386   6096],[    78   1302 494790   3048],[    78   1302 494790   3048],wB97X-D/aug-cc-pVTZ/CP,-0.18373635411262512,3.6325019375535907,4290.44103364262,[162],complete,-0.03720776686850513,,,1781290684.678278
2a,92,[    193    3257 1191810    7596],[   141   2481 967396   5748],[    52    776 285682   1848],wB97X-D/aug-cc-pVTZ/CP,-3.045236587524414,4.040402763453913,10974.955385371846,[163],complete,-0.06210322964761872,,,1781290684.678278
CBH,112,[    146    3258 1533416    7240],[    73   1629 794963   3620],[    73   1629 794968   3620],wB97X-D/aug-cc-pVTZ/CP,-12.387368202209473,3.8907371063802043,7775.657208580094,[164],complete,-0.022113176295533776,,,1781290684.678278
Da2,88,[    164    2964 1163670    6832],[    82   1482 609882   3416],[    82   1482 609860   3416],wB97X-D/aug-cc-pVTZ/CP,-3.494180679321289,3.805909184555749,6396.010743327672,[165],complete,-0.03708125319167266,,,1781290684.678278
S8-2,84,[    188    3009 1095497    7054],[   141   2389 915353   5564],[    47    620 230587   1490],wB97X-D/aug-cc-pVTZ/CP,-1.3761783838272095,3.9480352039262305,8872.279278507252,[166],complete,-0.050033670116590656,,,1781290684.678278
C3A,87,[    206    3267 1130431    7714],[    35    540 216610   1270],[   171   2727 954670   6444],wB97X-V/aug-cc-pVTZ/CP,-0.9794572591781616,4.252238558017967,17874.691622882277,[167],complete,-0.027056533060658694,,,1781290684.678278
C2C2PD,72,[   156   2604 939386   6096],[    78   1302 494790   3048],[    78   1302 494790   3048],wB97X-V/aug-cc-pVTZ/CP,-1.2275904417037964,3.8128647054520486,6499.271887989986,[168],complete,-0.03377844270175956,,,1781290684.678278
2a,92,[    193    3257 1191810    7596],[   141   2481 967396   5748],[    52    776 285682   1848],wB97X-V/aug-cc-pVTZ/CP,0.18686047196388245,4.19727676212119,15749.86233578604,[169],complete,-0.05872524402957424,,,1781290684.678278
CBH,112,[    146    3258 1533416    7240],[    73   1629 794963   3620],[    73   1629 794968   3620],wB97X-V/aug-cc-pVTZ/CP,1.1472030878067017,4.113136676878445,12975.875707023088,[170],error,,,,1781290684.678278
Da2,88,[    164    2964 1163670    6832],[    82   1482 609882   3416],[    82   1482 609860   3416],wB97X-V/aug-cc-pVTZ/CP,-0.6145675778388977,3.9908288417675,9791.040381990344,[171],complete,-0.034399064354374786,,,1781290684.678278
S8-2,84,[    188    3009 1095497    7054],[   141   2389 915353   5564],[    47    620 230587   1490],wB97X-V/aug-cc-pVTZ/CP,-1.5833591222763062,4.107189026067372,12799.382742867612,[172],complete,-0.05108038401567683,,,1781290684.678278
C3A,87,[    206    3267 1130431    7714],[    35    540 216610   1270],[   171   2727 954670   6444],MP2/aug-cc-pVTZ/CP,-1.8464860916137695,3.9769492809861418,9483.077088647822,[173],complete,-0.042455941686057486,,,1781290684.678278
C2C2PD,72,[   156   2604 939386   6096],[    78   1302 494790   3048],[    78   1302 494790   3048],MP2/aug-cc-pVTZ/CP,-1.858049750328064,3.422792822438577,2647.2369889134307,[174],complete,-0.059776464613833014,,,1781290684.678278
2a,92,[    193    3257 1191810    7596],[   141   2481 967396   5748],[    52    776 285682   1848],MP2/aug-cc-pVTZ/CP,-5.158796787261963,3.8853197859182833,7679.2673201625985,[175],complete,-0.07770311109652539,,,1781290684.678278
CBH,112,[    146    3258 1533416    7240],[    73   1629 794963   3620],[    73   1629 794968   3620],MP2/aug-cc-pVTZ/CP,-6.519311428070068,3.66851442390061,4661.379092375536,[176],complete,-0.018485471019175748,,,1781290684.678278
Da2,88,[    164    2964 1163670    6832],[    82   1482 609882   3416],[    82   1482 609860   3416],MP2/aug-cc-pVTZ/CP,-4.280956745147705,3.6096951841290137,4070.9445237410027,[177],error,,,,1781290684.678278
S8-2,84,[    188    3009 1095497    7054],[   141   2389 915353   5564],[    47    620 230587   1490],MP2/aug-cc-pVTZ/CP,-3.3593907356262207,3.7858902207862455,6107.876129524628,[178],error,,,,1781290684.678278
C3A,87,[    206    3267 1130431    7714],[    35    540 216610   1270],[   171   2727 954670   6444],B3LYP-D3/aug-cc-pVTZ/CP,0.0862826406955719,3.8524428865725393,7119.391677715793,[179],complete,-0.02566759345927494,,,1781290684.678278
C2C2PD,72,[   156   2604 939386   6096],[    78   1302 494790   3048],[    78   1302 494790   3048],B3LYP-D3/aug-cc-pVTZ/CP,-0.1289186179637909,3.4061294706881764,2547.5896198684686,[180],complete,-0.031004300675931518,,,1781290684.678278
2a,92,[    193    3257 1191810    7596],[   141   2481 967396   5748],[    52    776 285682   1848],B3LYP-D3/aug-cc-pVTZ/CP,-2.216435670852661,3.8039423093621196,6367.109361355954,[181],error,,,,1781290684.678278
CBH,112,[    146    3258 1533416    7240],[    73   1629 794963   3620],[    73   1629 794968   3620],B3LYP-D3/aug-cc-pVTZ/CP,-4.183959484100342,3.739635936078508,5490.8039328511595,[182],complete,-0.022383000017271115,,,1781290684.678278
Da2,88,[    164    2964 1163670    6832],[    82   1482 609882   3416],[    82   1482 609860   3416],B3LYP-D3/aug-cc-pVTZ/CP,-1.715919852256775,3.5970404408726213,3954.0343774886114,[183],error,,,,1781290684.678278
S8-2,84,[    188    3009 1095497    7054],[   141   2389 915353   5564],[    47    620 230587   1490],B3LYP-D3/aug-cc-pVTZ/CP,0.12265881896018982,3.713853132416452,5174.318197980458,[184],error,,,,1781290684.678278
C3A,87,[    206    3267 1130431    7714],[    35    540 216610   1270],[   171   2727 954670   6444],B2PLYP-D3/aug-cc-pVTZ/CP,-1.598939299583435,4.005538510136295,10128.345557753544,[185],error,,,,1781290684.678278
C2C2PD,72,[   156   2604 939386   6096],[    78   1302 494790   3048],[    78   1302 494790   3048],B2PLYP-D3/aug-cc-pVTZ/CP,-2.9444501399993896,3.4683401011129797,2939.951060942357,[186],error,,,,1781290684.678278
2a,92,[    193    3257 1191810    7596],[   141   2481 967396   5748],[    52    776 285682   1848],B2PLYP-D3/aug-cc-pVTZ/CP,-3.857954978942871,3.917221348396738,8264.590665524784,[187],error,,,,1781290684.678278
CBH,112,[    146    3258 1533416    7240],[    73   1629 794963   3620],[    73   1629 794968   3620],B2PLYP-D3/aug-cc-pVTZ/CP,-9.887635231018066,3.7192354870394753,5238.844248853463,[188],error,,,,1781290684.678278
Da2,88,[    164    2964 1163670    6832],[    82   1482 609882   3416],[    82   1482 609860   3416],B2PLYP-D3/aug-cc-pVTZ/CP,-3.756551742553711,3.652431086623032,4491.910418679708,[189],error,,,,1781290684.678278
S8-2,84,[    188    3009 1095497    7054],[   141   2389 915353   5564],[    47    620 230587   1490],B2PLYP-D3/aug-cc-pVTZ/CP,-3.3007757663726807,3.8194171038746836,6598.07281276147,[190],error,,,,1781290684.678278
